Handle,Title,Body (HTML),Vendor,Product Category,Type,Tags,Published,Option1 Name,Option1 Value,Option1 Linked To,Option2 Name,Option2 Value,Option2 Linked To,Option3 Name,Option3 Value,Option3 Linked To,Variant SKU,Variant Grams,Variant Inventory Tracker,Variant Inventory Qty,Variant Inventory Policy,Variant Fulfillment Service,Variant Price,Variant Compare At Price,Variant Requires Shipping,Variant Taxable,Unit Price Total Measure,Unit Price Total Measure Unit,Unit Price Base Measure,Unit Price Base Measure Unit,Variant Barcode,Image Src,Image Position,Image Alt Text,Gift Card,SEO Title,SEO Description,Google Shopping / Google Product Category,Google Shopping / Gender,Google Shopping / Age Group,Google Shopping / MPN,Google Shopping / Condition,Google Shopping / Custom Product,Google Shopping / Custom Label 0,Google Shopping / Custom Label 1,Google Shopping / Custom Label 2,Google Shopping / Custom Label 3,Google Shopping / Custom Label 4,Applications (product.metafields.custom.applications),Compliance & Certifications (product.metafields.custom.compliance_certifications),Is Hazmat? (product.metafields.custom.is_hazmat),Lead time (product.metafields.custom.lead_time),Manufacturer Part Number (product.metafields.custom.manufacturer_part_number),Military Specifications (product.metafields.custom.mil_specs),NSN (product.metafields.custom.nsn),QPL (product.metafields.custom.qpl),SAE Color (product.metafields.custom.sae_color),Google: Custom Product (product.metafields.mm-google-shopping.custom_product),Complementary products (product.metafields.shopify--discovery--product_recommendation.complementary_products),Related products (product.metafields.shopify--discovery--product_recommendation.related_products),Related products settings (product.metafields.shopify--discovery--product_recommendation.related_products_display),Search product boosts (product.metafields.shopify--discovery--product_search_boost.queries),Variant Image,Variant Weight Unit,Variant Tax Code,Cost per item,Status
hentzen-pg-6-g1-mil-prf-85285-type-i,"Hentzen PG-6-G1/PH-34, MIL-PRF-85285 Type I (QQL)","<div>
<div><span>This High Solids Polyurethane topcoat series, with low VOC, is designed for use on aircraft and other equipment requiring chemical resistance and color retention. When fully cured these coatings exhibit skydrol and mar resistance and meet the most demanding aerospace specifications for chemical resistance, hardness, flexibility, color and gloss retention.</span></div>
</div>",Hentzen,Business & Industrial > Manufacturing,Topcoat,mil-prf-85285,true,Size,Gallon,,,,,,,,AXPG-6-G1  G2,10432.62451,shopify,5,continue,manual,463.40,,true,true,,,,,"",https://cdn.shopify.com/s/files/1/0750/8767/5550/files/hentzen-mil-gallon-1024.jpg?v=1771607608,1,"",false,,,1470,,,,,,,,,,,Aviation,"BAMS 565-009 TYPE I, CLASS A, GRADE B;BMS 10-60, TYPE II, CLASS B, GRADE D;BMS 10-72R, TYPE VI;CMS 565-09, TYPE II CLASS A GRADE B;DMS 2112, COMP C;MIL-C-83286;MIL-C-85285",FALSE,3,PG-6-G1,mil-prf-85285-f-type-i-class-h,,mil-prf-85285-f-type-i-class-h,,,,,,,https://cdn.shopify.com/s/files/1/0750/8767/5550/files/hentzen-mil-gallon-1024.jpg?v=1771607608,lb,,,active
hentzen-pg-6-g1-mil-prf-85285-type-i,,,,,,,,,Quart,,,,,,,,AXPG-6-G1 Q2,2721.55422,shopify,3,continue,manual,131.50,,true,true,,,,,"",https://cdn.shopify.com/s/files/1/0750/8767/5550/files/sealant-can-1024.jpg?v=1771607575,2,"",,,,,,,,,,,,,,,,,,,,,,,,,,,,,https://cdn.shopify.com/s/files/1/0750/8767/5550/files/sealant-can-1024.jpg?v=1771607575,lb,,,
hentzen-pg-6-g1-mil-prf-85285-type-i,,,,,,,,,2oz Touch-up Kit,,,,,,,,AXPG-6-G1  2-OZ/KIT,226.796185,shopify,111,continue,manual,25.43,,true,true,,,,,"",https://cdn.shopify.com/s/files/1/0750/8767/5550/files/hentzen-mil-2oz-1024.jpg?v=1771607604,3,"",,,,,,,,,,,,,,,,,,,,,,,,,,,,,https://cdn.shopify.com/s/files/1/0750/8767/5550/files/hentzen-mil-2oz-1024.jpg?v=1771607604,lb,,,
hentzen-ad9325-mil-prf-23377-type-ii,"Hentzen AD9325 + AD2298, Green Epoxy Primer, MIL-PRF-23377 Type II Class C2 (QPL)","<p>Hentzen's Low IR Green Epoxy Primer. This high-performance primer is qualified to the MIL-PRF-23377 Type II Class C2 specification, providing excellent corrosion resistance.</p>",Hentzen,Business & Industrial > Manufacturing,Primer,"hazmat, mil-prf-23377",true,Title,Default Title,,,,,,,,HZKAD9325_G,10432.579150763,shopify,3,continue,manual,378.56,,true,true,,,,,,https://cdn.shopify.com/s/files/1/0750/8767/5550/files/hentzen-mil-gallon-1024-600x600_553234da-e4d1-4fdd-b13c-043a553e9006.jpg?v=1767818473,1,hentzen-branded paint can on a blue background,false,"Hentzen AD9325, Green Primer, MIL-PRF-23377 Type II (QPL)",Hentzen Green Low IR Epoxy Primer. High-performance aerospace primer qualified to MIL-PRF-23377 Type II Class C2.,1470,,,,,,,,,,,Aviation,,TRUE,0,AD9325 + AD2298,mil-prf-23377-k-type-ii-class-c2,,mil-prf-23377-k-type-ii-class-c2,,,,,,,,lb,,,active
hentzen-ad9320-mil-prf-85582-type-i,"Hentzen AD9320 + AD2304, Dark Green Epoxy Primer, MIL-PRF-85582 Type I Class C2 (QPL)",<p>Hentzen's Water Reducible Aquaprime Epoxy Primer. This low gloss dark green primer is qualified to the MIL-PRF-85582 Type I Class C2 specification for aircraft protection.</p>,Hentzen,Business & Industrial > Manufacturing,Primer,"hazmat, mil-prf-85582",true,Title,Default Title,,,,,,,,HZKAD9320_G,10432.579150763,shopify,100,continue,manual,286.44,,true,true,,,,,,https://cdn.shopify.com/s/files/1/0750/8767/5550/files/hentzen-mil-gallon-1024-600x600_553234da-e4d1-4fdd-b13c-043a553e9006.jpg?v=1767818473,1,hentzen-branded paint can on a blue background,false,"Hentzen AD9320, Green Primer, MIL-PRF-85582 Type I (QPL)",Hentzen Dark Green Water Reducible Epoxy Primer. High performance qualified to MIL-PRF-85582 Type I Class C2.,1470,,,,,,,,,,,Aviation,,TRUE,90,AD9320 + AD2304,mil-prf-85582-type-i-class-c2,,mil-prf-85582-type-i-class-c2,,,,,,,,lb,,,active
hentzen-ad9318-fd-mil-prf-23377k-type-i,"Hentzen AD9318-FD + AD2298, Yellow Epoxy Primer, MIL-PRF-23377K Type I Class C2 (QPL)",<p>Hentzen's Yellow Aerospace High Performance Epoxy Primer. This high solids primer is formulated for excellent corrosion resistance and meets all MIL-PRF-23377K performance requirements.</p>,Hentzen,Business & Industrial > Manufacturing,Primer,"hazmat, mil-prf-23377",true,Title,Default Title,,,,,,,,HZKAD9318-FD_G,10432.579150763,shopify,5,continue,manual,317.99,,true,true,,,,,,https://cdn.shopify.com/s/files/1/0750/8767/5550/files/hentzen-mil-gallon-1024-600x600_553234da-e4d1-4fdd-b13c-043a553e9006.jpg?v=1767818473,1,hentzen-branded paint can on a blue background,false,"Hentzen AD9318-FD, Yellow Primer, MIL-PRF-23377 Type I (QPL)",Hentzen Yellow Epoxy Primer. High performance corrosion resistance. QPL MIL-PRF-23377K Type I Class C2.,1470,,,,,,,,,,,Aviation,,TRUE,3,AD9318-FD + AD2298,mil-prf-23377-k-type-i-class-c2,8010-01-416-6557,mil-prf-23377-k-type-i-class-c2,,,,,,,,lb,,,active
hentzen-ad3247-mil-prf-85582-type-ii,"Hentzen AD3247 + AD2304, Green Epoxy Primer, MIL-PRF-85582 Type II Class C2 (QPL)",<p>Hentzen's Water Reducible Aquaprime Epoxy Primer in Low Gloss Green. This low IR primer is qualified to MIL-PRF-85582 Type II Class C2 for aerospace use.</p>,Hentzen,Business & Industrial > Manufacturing,Primer,"hazmat, mil-prf-85582",true,Title,Default Title,,,,,,,,HZKAD3247_G,10432.579150763,shopify,100,continue,manual,284.28,,true,true,,,,,,https://cdn.shopify.com/s/files/1/0750/8767/5550/files/hentzen-mil-gallon-1024-600x600_553234da-e4d1-4fdd-b13c-043a553e9006.jpg?v=1767818473,1,hentzen-branded paint can on a blue background,false,"Hentzen AD3247, Green Primer, MIL-PRF-85582 Type II (QPL)",Hentzen Water Reducible Green Epoxy Primer. Low IR/Low Gloss qualified to MIL-PRF-85582 Type II Class C2.,1470,,,,,,,,,,,Aviation,,TRUE,90,AD3247 + AD2304,mil-prf-85582-type-ii-class-c2,,mil-prf-85582-type-ii-class-c2,,,,,,,,lb,,,active
hentzen-53012yep-mil-prf-23377-type-i,"Hentzen 53012YEP + 16709CEH, Yellow Epoxy Primer, MIL-PRF-23377 Type I Class C1 (QPL)",<p>Hentzen's Chromated Yellow High Solids Epoxy Primer. This product provides excellent corrosion resistance and is qualified to the MIL-PRF-23377K Type I Class C1 specification.</p>,Hentzen,Business & Industrial > Manufacturing,Primer,"hazmat, mil-prf-23377",true,Title,Default Title,,,,,,,,HZK53012YEP_G,10432.579150763,shopify,100,continue,manual,504.00,,true,true,,,,,,https://cdn.shopify.com/s/files/1/0750/8767/5550/files/hentzen-mil-gallon-1024-600x600_553234da-e4d1-4fdd-b13c-043a553e9006.jpg?v=1767818473,1,hentzen-branded paint can on a blue background,false,"Hentzen 53012YEP, Yellow Primer, MIL-PRF-23377 Type I (QPL)",Hentzen Yellow Chromated Epoxy Primer. High solids with excellent corrosion resistance. QPL MIL-PRF-23377K.,1470,,,,,,,,,,,Aviation,,TRUE,90,53012YEP + 16709CEH,mil-prf-23377-k-type-i-class-c1,,mil-prf-23377-k-type-i-class-c1,,,,,,,,lb,,,active
hentzen-k35554zpx-mil-prf-85285e-type-i,"Hentzen K35554ZPX, Gray Flat Topcoat, MIL-PRF-85285E Type I/IV (QPL)","<p>Hentzen's Gray Flat High Solid Urethane, Fed. Std. 595 Color #17178. This aerospace coating is qualified to LMCO FMS-1027 Type V and MIL-PRF-85285 Type I/IV Class H.</p>",Hentzen,Business & Industrial > Manufacturing,Topcoat,mil-prf-85285,true,Title,Default Title,,,,,,,,HZK35554ZPX-T1,10432.579150763,shopify,100,continue,manual,921.60,,true,true,,,,,,https://cdn.shopify.com/s/files/1/0750/8767/5550/files/hentzen-mil-gallon-1024-600x600_553234da-e4d1-4fdd-b13c-043a553e9006.jpg?v=1767818473,1,hentzen-branded paint can on a blue background,false,"Hentzen K35554ZPX, Gray Flat, MIL-PRF-85285 Type I/IV (QPL)",Hentzen Gray Flat Urethane #17178. Qualified to MIL-PRF-85285 Type I/IV and LMCO FMS-1027 Type V.,1470,,,,,,,,,,,Aviation,LMCO FMS-1027 Type V,FALSE,0,K35554ZPX,mil-prf-85285-f-type-i-class-h; mil-prf-85285-f-type-iv-class-h,,mil-prf-85285-f-type-i-class-h; mil-prf-85285-f-type-iv-class-h,17178,,,,,,,lb,,,active
hentzen-3174yvp-1-mil-c-8514c-type-primer,"Hentzen 3174YVP-1 + 3175SSC, Yellow Wash Primer, MIL-C-8514C (QPL)",<p>Hentzen's Yellow Wash Primer Pretreatment. This military grade primer is designed for metal pretreatment and is qualified to the MIL-C-8514C specification.</p>,Hentzen,Business & Industrial > Manufacturing,Primer,mil-c-8514c,true,Title,Default Title,,,,,,,,HZK3174YVP-1  K-2GL,10432.579150763,shopify,100,continue,manual,352.00,,true,true,,,,,,https://cdn.shopify.com/s/files/1/0750/8767/5550/files/hentzen-mil-gallon-1024-600x600_553234da-e4d1-4fdd-b13c-043a553e9006.jpg?v=1767818473,1,hentzen-branded paint can on a blue background,false,"Hentzen 3174YVP-1, Yellow Primer, MIL-C-8514C",Hentzen Yellow Wash Primer Pretreatment. Professional grade metal primer qualified to MIL-C-8514C.,1470,,,,,,,,,,,Aviation,,TRUE,30,3174YVP-1 + 3175SSC,,,,,,,,,,,lb,,,active
hentzen-k31675lpx-t1-mil-prf-85285e-type-i,"Hentzen K31675LPX-T1 + CAT 06480CMU, Dark Green Topcoat, MIL-PRF-85285E Type I (QPL)",<p>Hentzen's Dark Green Columbia Police High Solid Urethane. This aircraft grade coating provides outstanding toughness and excellent outside durability.</p>,Hentzen,Business & Industrial > Manufacturing,Topcoat,"hazmat, mil-prf-85285",true,Title,Default Title,,,,,,,,HZK31675LPX-T1,10432.579150763,shopify,100,continue,manual,850.00,,true,true,,,,,,https://cdn.shopify.com/s/files/1/0750/8767/5550/files/hentzen-mil-gallon-1024-600x600_553234da-e4d1-4fdd-b13c-043a553e9006.jpg?v=1767818473,1,hentzen-branded paint can on a blue background,false,"Hentzen K31675LPX, Dark Green, MIL-PRF-85285 Type I (QPL)",Hentzen Dark Green Urethane. Aircraft grade coating qualified to MIL-PRF-85285E Type I.,1470,,,,,,,,,,,Aviation,,TRUE,30,K31675LPX-T1 + CAT 06480CMU,mil-prf-85285-f-type-i-class-h,,mil-prf-85285-f-type-i-class-h,,,,,,,,lb,,,active
hentzen-k31363ypx-t1-mil-prf-85285e-type-i,"Hentzen K31363YPX-T1_G, Yellow Gloss Topcoat, MIL-PRF-85285E Type I","<p>Hentzen's Yellow Gloss High Solid Urethane, Fed. Std. 595 Color #13655. This aircraft coating exhibits excellent durability and chemical resistance for professional applications.</p>",Hentzen,Business & Industrial > Manufacturing,Topcoat,"hazmat, mil-prf-85285",true,Title,Default Title,,,,,,,,HZK31363YPX-T1,10432.579150763,shopify,100,continue,manual,850.00,,true,true,,,,,,https://cdn.shopify.com/s/files/1/0750/8767/5550/files/hentzen-mil-gallon-1024-600x600_553234da-e4d1-4fdd-b13c-043a553e9006.jpg?v=1767818473,1,hentzen-branded paint can on a blue background,false,"Hentzen K31363YPX, Yellow Gloss, MIL-PRF-85285",Hentzen Yellow Gloss Urethane #13655. High solids aircraft coating meeting MIL-PRF-85285 Type I.,1470,,,,,,,,,,,Aviation,,TRUE,0,K31363YPX-T1_G,mil-prf-85285-f-type-i-class-h,,,13655,,,,,,,lb,,,active
hentzen-k31362rpx-t1-mil-prf-85285e-type-i,"Hentzen K31362RPX-T1 + CAT 06480CMU, Red Gloss Topcoat, MIL-PRF-85285E Type I (QPL)","<p>Hentzen's Red Gloss High Solid Urethane, Fed. Std. 595 Color #11350. This aerospace coating provides excellent chemical resistance and outstanding toughness.</p>",Hentzen,Business & Industrial > Manufacturing,Topcoat,"hazmat, mil-prf-85285",true,Title,Default Title,,,,,,,,HZK31362RPX-T1,10432.579150763,shopify,100,continue,manual,850.00,,true,true,,,,,,https://cdn.shopify.com/s/files/1/0750/8767/5550/files/hentzen-mil-gallon-1024-600x600_553234da-e4d1-4fdd-b13c-043a553e9006.jpg?v=1767818473,1,hentzen-branded paint can on a blue background,false,"Hentzen K31362RPX, Red Gloss, MIL-PRF-85285 Type I (QPL)",Hentzen Red Gloss Urethane #11350. High solids aircraft coating qualified to MIL-PRF-85285E Type I.,1470,,,,,,,,,,,Aviation,,TRUE,30,K31362RPX-T1 + CAT 06480CMU,mil-prf-85285-f-type-i-class-h,,mil-prf-85285-f-type-i-class-h,11350,,,,,,,lb,,,active
hentzen-k31320gpx-t1-mil-prf-85285e-type-i,"Hentzen 31320GPX-T1, Green Flat Topcoat, MIL-PRF-85285E Type I/II (QPL)",<p>Hentzen's Green Flat Polyurethane Topcoat. This high-performance coating is qualified to the MIL-PRF-85285E Type I &amp; II Class H specifications for aerospace applications.</p>,Hentzen,Business & Industrial > Manufacturing,Topcoat,mil-prf-85285,true,Title,Default Title,,,,,,,,HZK31320GPX-T1,10432.579150763,shopify,100,continue,manual,481.85,,true,true,,,,,,https://cdn.shopify.com/s/files/1/0750/8767/5550/files/hentzen-mil-gallon-1024-600x600_553234da-e4d1-4fdd-b13c-043a553e9006.jpg?v=1767818473,1,hentzen-branded paint can on a blue background,false,"Hentzen K31320GPX, Green Flat, MIL-PRF-85285 Type I/II (QPL)",Hentzen Green Flat Topcoat. High-performance polyurethane qualified to MIL-PRF-85285E Type I & II.,1470,,,,,,,,,,,"Aviation
Industrial
Marine",,FALSE,0,31320GPX-T1,mil-prf-85285-f-type-i-class-h; mil-prf-85285-f-type-iv-class-h,,mil-prf-85285-f-type-i-class-h; mil-prf-85285-f-type-iv-class-h,,,,,,,,lb,,,active
hentzen-k31156apx-t1-mil-prf-85285f-type-i,"Hentzen 31156APX-T1 + CAT 06480CMU, Gray Flat Topcoat, MIL-PRF-85285F Type I (QPL)","<p>Hentzen's Gray Flat High Solid Urethane, Fed. Std. Color #36270. This aircraft coating exhibits outstanding toughness and flexibility with excellent outside durability.</p>",Hentzen,Business & Industrial > Manufacturing,Topcoat,mil-prf-85285,true,Title,Default Title,,,,,,,,HZK31156APX-T1,10432.579150763,shopify,100,continue,manual,393.50,,true,true,,,,,,https://cdn.shopify.com/s/files/1/0750/8767/5550/files/hentzen-mil-gallon-1024-600x600_553234da-e4d1-4fdd-b13c-043a553e9006.jpg?v=1767818473,1,hentzen-branded paint can on a blue background,false,"Hentzen K31156APX, Gray Flat, MIL-PRF-85285 Type I (QPL)",Hentzen Gray Flat Urethane #36270. High solids aircraft coating qualified to MIL-PRF-85285F Type I.,1470,,,,,,,,,,,"Aviation
Industrial
Marine",,FALSE,0,31156APX-T1 + CAT 06480CMU,mil-prf-85285-f-type-i-class-h,,mil-prf-85285-f-type-i-class-h,36270,,,,,,,lb,,,active
hentzen-k31148apx-t1-mil-prf-85285e-type-i,"Hentzen K31148APX-T1 + CAT 06480CMU, Gray Flat Topcoat, MIL-PRF-85285E Type I/II (QPL)","<p>Hentzen's Gray Flat Urethane coating, Fed. Std. 595 Color #36118. This two-component coating is designed for excellent chemical resistance and durability on aircraft.</p>",Hentzen,Business & Industrial > Manufacturing,Topcoat,mil-prf-85285,true,Title,Default Title,,,,,,,,HZK31148APX-T1,10432.579150763,shopify,100,continue,manual,850.00,,true,true,,,,,,https://cdn.shopify.com/s/files/1/0750/8767/5550/files/hentzen-mil-gallon-1024-600x600_553234da-e4d1-4fdd-b13c-043a553e9006.jpg?v=1767818473,1,hentzen-branded paint can on a blue background,false,"Hentzen K31148APX, Gray Flat, MIL-PRF-85285 Type I/II (QPL)",Hentzen Gray Flat Urethane #36118. High-performance aircraft coating qualified to MIL-PRF-85285E Type I & II.,1470,,,,,,,,,,,Aviation,,FALSE,3,K31148APX-T1  + CAT 06480CMU,mil-prf-85285-f-type-i-class-h; mil-prf-85285-f-type-iv-class-h,,mil-prf-85285-f-type-i-class-h; mil-prf-85285-f-type-iv-class-h,36118,,,,,,,lb,,,active
hentzen-k31143apx-t1-mil-prf-85285e-type-i,"Hentzen K31143APX-T1 + CAT 06480CMU, Gray Gloss Topcoat, MIL-PRF-85285E Type I (QPL)","<p>Hentzen's Gray Gloss High Solid Urethane, Fed. Std. Color #16473. This durable aerospace coating provides excellent outside durability and chemical resistance.</p>",Hentzen,Business & Industrial > Manufacturing,Topcoat,mil-prf-85285,true,Title,Default Title,,,,,,,,HZK31143APX-T1,10432.579150763,shopify,100,continue,manual,393.50,,true,true,,,,,,https://cdn.shopify.com/s/files/1/0750/8767/5550/files/hentzen-mil-gallon-1024-600x600_553234da-e4d1-4fdd-b13c-043a553e9006.jpg?v=1767818473,1,hentzen-branded paint can on a blue background,false,"Hentzen K31143APX, Gray Gloss, MIL-PRF-85285 Type I (QPL)",Hentzen Gray Gloss Urethane #16473. High solids aircraft coating qualified to MIL-PRF-85285E Type I.,1470,,,,,,,,,,,"Aviation
Industrial
Marine",,FALSE,0,K31143APX-T1 + CAT 06480CMU,mil-prf-85285-f-type-i-class-h; mil-prf-85285-f-type-iv-class-h,,mil-prf-85285-f-type-i-class-h; mil-prf-85285-f-type-iv-class-h,16473,,,,,,,lb,,,active
hentzen-k31141apx-t1-mil-prf-85285e-type-i,"Hentzen K31141APX-T1, Gray Flat Topcoat, MIL-PRF-85285E Type I (QPL)","<p>Hentzen's Gray Flat High Solid Urethane, Fed. Std. Color #36251. This coating is formulated for outstanding toughness and flexibility for high-performance aircraft applications.</p>",Hentzen,Business & Industrial > Manufacturing,Topcoat,mil-prf-85285,true,Title,Default Title,,,,,,,,HZK31141APX-T1,10432.579150763,shopify,100,continue,manual,393.50,,true,true,,,,,,https://cdn.shopify.com/s/files/1/0750/8767/5550/files/hentzen-mil-gallon-1024-600x600_553234da-e4d1-4fdd-b13c-043a553e9006.jpg?v=1767818473,1,hentzen-branded paint can on a blue background,false,"Hentzen K31141APX, Gray Flat, MIL-PRF-85285 Type I (QPL)",Hentzen Gray Flat Urethane #36251. High solids aircraft coating qualified to MIL-PRF-85285E Type I.,1470,,,,,,,,,,,"Aviation
Industrial
Marine",,FALSE,3,K31141APX-T1,mil-prf-85285-f-type-i-class-h,,mil-prf-85285-f-type-i-class-h,36251,,,,,,,lb,,,active
hentzen-k31139apx-t1-mil-prf-85285f-type-i,"Hentzen K31139APX-T1 + CAT 06480CMU, Gray Flat Topcoat, MIL-PRF-85285F Type I/II (QPL)","<p>Hentzen's Gray Flat Urethane coating, Fed. Std. 595 Color #36231. This two-component aerospace coating exhibits excellent chemical resistance and outstanding toughness.</p>",Hentzen,Business & Industrial > Manufacturing,Topcoat,"hazmat, mil-prf-85285",true,Title,Default Title,,,,,,,,HZK31139APX-T1,10432.579150763,shopify,100,continue,manual,370.95,,true,true,,,,,,https://cdn.shopify.com/s/files/1/0750/8767/5550/files/hentzen-mil-gallon-1024-600x600_553234da-e4d1-4fdd-b13c-043a553e9006.jpg?v=1767818473,1,hentzen-branded paint can on a blue background,false,"Hentzen K31139APX, Gray Flat, MIL-PRF-85285 Type I/II (QPL)",Hentzen Gray Flat Urethane #36231. High-performance aircraft coating qualified to MIL-PRF-85285F Type I & II.,1470,,,,,,,,,,,Aviation,,TRUE,3,K31139APX-T1  + CAT 06480CMU,mil-prf-85285-f-type-i-class-h; mil-prf-85285-f-type-iv-class-h,,mil-prf-85285-f-type-i-class-h; mil-prf-85285-f-type-iv-class-h,36231,,,,,,,lb,,,active
hentzen-k31136wpx-t1-mil-prf-85285e-type-i,"Hentzen 31136WPX-T1 + CAT 06480CMU, White Gloss Topcoat, MIL-PRF-85285E Type I/II (QPL)","<p>Hentzen's White Urethane coating, Fed. Std. 595 Color #17875. This two-component coating provides outstanding toughness and excellent durability for aerospace applications.</p>",Hentzen,Business & Industrial > Manufacturing,Topcoat,"hazmat, mil-prf-85285",true,Title,Default Title,,,,,,,,HZK31136WPX-T1,10432.579150763,shopify,100,continue,manual,370.95,,true,true,,,,,,https://cdn.shopify.com/s/files/1/0750/8767/5550/files/hentzen-mil-gallon-1024-600x600_553234da-e4d1-4fdd-b13c-043a553e9006.jpg?v=1767818473,1,hentzen-branded paint can on a blue background,false,"Hentzen K31136WPX, White Gloss, MIL-PRF-85285 Type I/II (QPL)",Hentzen White Gloss Urethane #17875. High-performance aircraft coating qualified to MIL-PRF-85285E Type I & II.,1470,,,,,,,,,,,Aviation,,TRUE,3,31136WPX-T1 + CAT 06480CMU,mil-prf-85285-f-type-i-class-h; mil-prf-85285-f-type-iv-class-h,,mil-prf-85285-f-type-i-class-h; mil-prf-85285-f-type-iv-class-h,17875,,,,,,,lb,,,active
hentzen-k31134npx-ti-mil-prf-85285e-type-i,"Hentzen 31134NPX-T1 + CAT 06480CMU, Orange Gloss Topcoat, MIL-PRF-85285E Type I/II (QPL)","<p>Hentzen's Orange Gloss High Solid Urethane, Fed. Std. Color #12197. This high-performance coating provides excellent chemical resistance and durability for aerospace applications.</p>",Hentzen,Business & Industrial > Manufacturing,Topcoat,"hazmat, mil-prf-85285",true,Title,Default Title,,,,,,,,HZK31134NPX-TI,10432.579150763,shopify,100,continue,manual,454.23,,true,true,,,,,,https://cdn.shopify.com/s/files/1/0750/8767/5550/files/hentzen-mil-gallon-1024-600x600_553234da-e4d1-4fdd-b13c-043a553e9006.jpg?v=1767818473,1,hentzen-branded paint can on a blue background,false,"Hentzen K31134NPX, Orange Gloss, MIL-PRF-85285 Type I/II (QPL)",Hentzen Orange Gloss Urethane #12197. High solids aircraft coating qualified to MIL-PRF-85285E Type I & II.,1470,,,,,,,,,,,Aviation,,TRUE,30,31134NPX-T1 + CAT 06480CMU,mil-prf-85285-f-type-i-class-h; mil-prf-85285-f-type-iv-class-h,,mil-prf-85285-f-type-i-class-h; mil-prf-85285-f-type-iv-class-h,12197,,,,,,,lb,,,active
hentzen-k31121apx-t1-mil-prf-85285e-type-i,"Hentzen K31121APX-T1 + CAT 06480CMU, Gray Flat Topcoat, MIL-PRF-85285E Type I (QPL)","<p>Hentzen's Gray Flat High Solid Urethane, Fed. Std. Color #36375. This coating exhibits outstanding toughness, flexibility, and excellent outside durability for aircraft use.</p>",Hentzen,Business & Industrial > Manufacturing,Topcoat,mil-prf-85285,true,Title,Default Title,,,,,,,,HZK31121APX-T1,10432.579150763,shopify,100,continue,manual,393.50,,true,true,,,,,,https://cdn.shopify.com/s/files/1/0750/8767/5550/files/hentzen-mil-gallon-1024-600x600_553234da-e4d1-4fdd-b13c-043a553e9006.jpg?v=1767818473,1,hentzen-branded paint can on a blue background,false,"Hentzen K31121APX, Gray Flat, MIL-PRF-85285 Type I (QPL)",Hentzen Gray Flat Urethane #36375. High solids aircraft coating qualified to MIL-PRF-85285E Type I.,1470,,,,,,,,,,,"Aviation
Industrial
Marine",,FALSE,0,K31121APX-T1 + CAT 06480CMU,mil-prf-85285-f-type-i-class-h,,mil-prf-85285-f-type-i-class-h,36375,,,,,,,lb,,,active
hentzen-k31115apx-t1-mil-prf-85285e-type-i,"Hentzen K31115APX-T1 + CAT 06480CMU, Gray Semi-Gloss Topcoat, MIL-PRF-85285E Type I/II (QPL)",<p>Hentzen's Gray Semi-Gloss Polyurethane Topcoat. This high solids 2.8 VOC coating is designed for aircraft applications and provides excellent abrasion resistance and durability.</p>,Hentzen,Business & Industrial > Manufacturing,Topcoat,"hazmat, mil-prf-85285",true,Title,Default Title,,,,,,,,HZK31115APX-T1,10432.579150763,shopify,100,continue,manual,370.95,,true,true,,,,,,https://cdn.shopify.com/s/files/1/0750/8767/5550/files/hentzen-mil-gallon-1024-600x600_553234da-e4d1-4fdd-b13c-043a553e9006.jpg?v=1767818473,1,hentzen-branded paint can on a blue background,false,"Hentzen K31115APX, Gray Topcoat, MIL-PRF-85285 Type I/II (QPL)",Hentzen Gray Semi-Gloss Urethane #26307. High solids aircraft coating qualified to MIL-PRF-85285E Type I & II.,1470,,,,,,,,,,,Aviation,,TRUE,3,K31115APX-T1 + CAT 06480CMU,mil-prf-85285-f-type-i-class-h; mil-prf-85285-f-type-iv-class-h,,mil-prf-85285-f-type-i-class-h; mil-prf-85285-f-type-iv-class-h,,,,,,,,lb,,,active
hentzen-k31112apx-t1-mil-prf-85285e-type-i,"Hentzen K31112APX-T1 + CAT 06480CMU, Gray Gloss Topcoat, MIL-PRF-85285E Type I/II (QPL)","<p>Hentzen's Gray Gloss Urethane coating, Fed. Std. 595 Color #16440. This two-component coating provides outstanding toughness and excellent durability for aerospace use.</p>",Hentzen,Business & Industrial > Manufacturing,Topcoat,"hazmat, mil-prf-85285",true,Title,Default Title,,,,,,,,HZK31112APX-T1,10432.579150763,shopify,100,continue,manual,370.95,,true,true,,,,,,https://cdn.shopify.com/s/files/1/0750/8767/5550/files/hentzen-mil-gallon-1024-600x600_553234da-e4d1-4fdd-b13c-043a553e9006.jpg?v=1767818473,1,hentzen-branded paint can on a blue background,false,"Hentzen K31112APX, Gray Gloss, MIL-PRF-85285 Type I/II (QPL)",Hentzen Gray Gloss Urethane #16440. High-performance aircraft coating qualified to MIL-PRF-85285E Type I & II.,1470,,,,,,,,,,,Aviation,,TRUE,3,K31112APX-T1 + CAT 06480CMU,mil-prf-85285-f-type-i-class-h; mil-prf-85285-f-type-iv-class-h,,mil-prf-85285-f-type-i-class-h; mil-prf-85285-f-type-iv-class-h,16440,,,,,,,lb,,,active
hentzen-k31111rpx-t1-mil-prf-85285e-type-i,"Hentzen K31111RPX-71 + CAT 06480CMU, Red Gloss Topcoat, MIL-PRF-85285E Type I/II (QPL)","<p>Hentzen's Red Gloss High Solid Urethane, Fed. Std. Color #11136. This high-performance coating exhibits excellent chemical resistance and durability for aerospace applications.</p>",Hentzen,Business & Industrial > Manufacturing,Topcoat,"hazmat, mil-prf-85285",true,Title,Default Title,,,,,,,,HZK31111RPX-T1,10432.579150763,shopify,100,continue,manual,454.23,,true,true,,,,,,https://cdn.shopify.com/s/files/1/0750/8767/5550/files/hentzen-mil-gallon-1024-600x600_553234da-e4d1-4fdd-b13c-043a553e9006.jpg?v=1767818473,1,hentzen-branded paint can on a blue background,false,"Hentzen K31111RPX, Red Gloss, MIL-PRF-85285 Type I/II (QPL)",Hentzen Red Gloss Urethane #11136. High solids aircraft coating qualified to MIL-PRF-85285E Type I & II.,1470,,,,,,,,,,,Aviation,,TRUE,3,K31111RPX-71 + CAT 06480CMU,mil-prf-85285-f-type-i-class-h; mil-prf-85285-f-type-iv-class-h,8010-01-528-4840,mil-prf-85285-f-type-i-class-h; mil-prf-85285-f-type-iv-class-h,11136,,,,,,,lb,,,active
hentzen-k31105kpx-t1-mil-prf-85285f-type-i,"Hentzen K31105KPX-T1 + CAT 06480CMU, Black Flat Topcoat, MIL-PRF-85285F Type I/II (QPL)","<p>Hentzen's Flat Black High Solid Urethane, Fed. Std. Color #37038. This polyurethane coating provides outstanding toughness and flexibility with excellent outside durability.</p>",Hentzen,Business & Industrial > Manufacturing,Topcoat,"hazmat, mil-prf-85285",true,Title,Default Title,,,,,,,,HZK31105KPX-T1,10432.579150763,shopify,100,continue,manual,370.95,,true,true,,,,,,https://cdn.shopify.com/s/files/1/0750/8767/5550/files/hentzen-mil-gallon-1024-600x600_553234da-e4d1-4fdd-b13c-043a553e9006.jpg?v=1767818473,1,hentzen-branded paint can on a blue background,false,"Hentzen K31105KPX, Black Flat, MIL-PRF-85285 Type I/II (QPL)",Hentzen Flat Black Urethane #37038. High solids aircraft coating qualified to MIL-PRF-85285F Type I & II.,1470,,,,,,,,,,,Aviation,,TRUE,3,K31105KPX-T1 + CAT 06480CMU,mil-prf-85285-f-type-i-class-h; mil-prf-85285-f-type-iv-class-h,,mil-prf-85285-f-type-i-class-h; mil-prf-85285-f-type-iv-class-h,37038,,,,,,,lb,,,active
hentzen-k31104kpx-t1-mil-prf-85285f-type-i,"Hentzen K31104KPX-T1 + CAT 06480CMU, Black Gloss Topcoat, MIL-PRF-85285F Type I/II (QPL)","<p>Hentzen's Black Gloss High Solid Urethane, Fed. Std. Color #17038. This coating exhibits excellent chemical resistance, toughness, and durability for demanding outside environments.</p>",Hentzen,Business & Industrial > Manufacturing,Topcoat,"hazmat, mil-prf-85285",true,Title,Default Title,,,,,,,,HZK31104KPX-T1,10432.579150763,shopify,100,continue,manual,370.95,,true,true,,,,,,https://cdn.shopify.com/s/files/1/0750/8767/5550/files/hentzen-mil-gallon-1024-600x600_553234da-e4d1-4fdd-b13c-043a553e9006.jpg?v=1767818473,1,hentzen-branded paint can on a blue background,false,"Hentzen K31104KPX, Black Gloss, MIL-PRF-85285 Type I/II (QPL)",Hentzen Black Gloss Urethane #17038. High solids aircraft coating qualified to MIL-PRF-85285F Type I & II.,1470,,,,,,,,,,,Aviation,,TRUE,3,K31104KPX-T1 + CAT 06480CMU,mil-prf-85285-f-type-i-class-h; mil-prf-85285-f-type-iv-class-h,,mil-prf-85285-f-type-i-class-h; mil-prf-85285-f-type-iv-class-h,17038,,,,,,,lb,,,active
hentzen-k31103wpx-t1-mil-prf-85285e-type-i,"Hentzen K31103WPX-T1, White Flat Topcoat, MIL-PRF-85285E Type I",<p>Hentzen's White Flat High Solids Polyurethane Topcoat. This aircraft application coating is 2.8 VOC and designed to be applied over approved MIL-PRF-23377 or MIL-PRF-85582 primers.</p>,Hentzen,Business & Industrial > Manufacturing,Topcoat,mil-prf-85285,true,Title,Default Title,,,,,,,,HZK31103WPX-T1,10432.579150763,shopify,100,continue,manual,393.50,,true,true,,,,,,https://cdn.shopify.com/s/files/1/0750/8767/5550/files/hentzen-mil-gallon-1024-600x600_553234da-e4d1-4fdd-b13c-043a553e9006.jpg?v=1767818473,1,hentzen-branded paint can on a blue background,false,"Hentzen K31103WPX, White Flat, MIL-PRF-85285 Type I",Hentzen Flat White Topcoat kit. High solids 2.8 VOC polyurethane for aircraft applications.,1470,,,,,,,,,,,"Aviation
Industrial
Marine",,FALSE,0,K31103WPX-T1,mil-prf-85285-f-type-i-class-h,,,,,,,,,,lb,,,active
hentzen-k31102ypx-t1-mil-prf-85285e-type-i,"Hentzen K31102YPX-T1 + CAT 06480CMU, Yellow Gloss Topcoat, MIL-PRF-85285E Type I (QPL)","<p>Hentzen's Yellow Gloss High Solid Urethane, Fed. Std. Color #13538. This coating exhibits outstanding toughness, flexibility, and excellent outside durability for aircraft applications.</p>",Hentzen,Business & Industrial > Manufacturing,Topcoat,"hazmat, mil-prf-85285",true,Title,Default Title,,,,,,,,HZK31102YPX-T1,10432.579150763,shopify,100,continue,manual,370.95,,true,true,,,,,,https://cdn.shopify.com/s/files/1/0750/8767/5550/files/hentzen-mil-gallon-1024-600x600_553234da-e4d1-4fdd-b13c-043a553e9006.jpg?v=1767818473,1,hentzen-branded paint can on a blue background,false,"Hentzen K31102YPX, Yellow Gloss, MIL-PRF-85285 Type I (QPL)",Hentzen Yellow Gloss Urethane #13538. High solids aerospace coating qualified to MIL-PRF-85285E Type I.,1470,,,,,,,,,,,Aviation,,TRUE,30,K31102YPX-T1 + CAT 06480CMU,mil-prf-85285-f-type-i-class-h,,mil-prf-85285-f-type-i-class-h,13538,,,,,,,lb,,,active
hentzen-k31101wpx-t1-mil-prf-85285f-type-i,"Hentzen K31101WPX-T1 + CAT 06480CMU, White Gloss Topcoat, MIL-PRF-85285F Type I (QPL)","<p>Hentzen's White Gloss Urethane coating, Fed. Std. 595 Color #17925. This aerospace coating exhibits excellent chemical resistance, toughness, flexibility, and abrasion resistance.</p>",Hentzen,Business & Industrial > Manufacturing,Topcoat,mil-prf-85285,true,Title,Default Title,,,,,,,,HZK31101WPX-T1,10432.579150763,shopify,100,continue,manual,454.23,,true,true,,,,,,https://cdn.shopify.com/s/files/1/0750/8767/5550/files/hentzen-mil-gallon-1024-600x600_553234da-e4d1-4fdd-b13c-043a553e9006.jpg?v=1767818473,1,hentzen-branded paint can on a blue background,false,"Hentzen K31101WPX, White Gloss, MIL-PRF-85285F Type I (QPL)",Hentzen White Gloss Urethane #17925. High-performance aerospace coating qualified to MIL-PRF-85285F Type I.,1470,,,,,,,,,,,Aviation,,FALSE,3,K31101WPX-T1 + CAT 06480CMU,mil-prf-85285-f-type-i-class-h,,mil-prf-85285-f-type-i-class-h,17925,,,,,,,lb,,,active
hentzen-2110gvp_2g-dod-p-15328d-type-primer,"Hentzen 2110GVP_2G, Wash Primer Formula 117, DOD-P-15328D (QPL)",<p>Hentzen's Two Component Wash Primer Formula 117. This high-quality pretreatment primer is qualified to the DOD-P-15328D military specification for superior metal preparation.</p>,Hentzen,Business & Industrial > Manufacturing,Primer,"",true,Title,Default Title,,,,,,,,HZK2110GVP_2G,10432.579150763,shopify,100,continue,manual,352.80,,true,true,,,,,,https://cdn.shopify.com/s/files/1/0750/8767/5550/files/hentzen-mil-gallon-1024-600x600_553234da-e4d1-4fdd-b13c-043a553e9006.jpg?v=1767818473,1,hentzen-branded paint can on a blue background,false,"Hentzen 2110GVP, Wash Primer, DOD-P-15328",Hentzen Wash Primer Formula 117. Two-component pretreatment qualified to DOD-P-15328D.,1470,,,,,,,,,,,Aviation,,FALSE,0,2110GVP_2G,,,,,,,,,,,lb,,,active
hentzen-17176kep-mil-prf-23377k-type-ii,"Hentzen 17176KEP + 16709CEH, Dark Green Epoxy Primer, MIL-PRF-23377K Type II Class N (QPL)","<p>Hentzen's Dark Green Aerospace High Performance Primer, Chromate-Free. This epoxy primer has been formulated to have excellent corrosion resistance and meet all specification performance requirements.</p>",Hentzen,Business & Industrial > Manufacturing,Primer,"hazmat, mil-prf-23377",true,Title,Default Title,,,,,,,,HZK17176KEP_G,10432.579150763,shopify,2,continue,manual,673.45,,true,true,,,,,,https://cdn.shopify.com/s/files/1/0750/8767/5550/files/hentzen-mil-gallon-1024-600x600_553234da-e4d1-4fdd-b13c-043a553e9006.jpg?v=1767818473,1,hentzen-branded paint can on a blue background,false,"Hentzen 17176KEP, Dark Green Primer, MIL-PRF-23377 Type II (QPL)",Hentzen Dark Green Aerospace Primer 17176KEP/16709CEH. Chromate-free epoxy with excellent corrosion resistance. QPL MIL-PRF-23377.,1470,,,,,,,,,,,Aviation,,TRUE,90,17176KEP + 16709CEH,mil-prf-23377-type-ii-class-n,,mil-prf-23377-type-ii-class-n,,,,,,,,lb,,,active
hentzen-16708tep-mil-prf-23377k-type-ii,"Hentzen 16708TEP + 16709CEH, Tan Epoxy Primer, MIL-PRF-23377K Type II Class N (QPL)",<p>Hentzen's Tan Non-Chrome Aero Epoxy Primer. This high-performance primer is qualified to MIL-PRF-23377K Type II Class N and multiple LMCO specifications for propeller and aerospace use.</p>,Hentzen,Business & Industrial > Manufacturing,Primer,"hazmat, mil-prf-23377",true,Title,Default Title,,,,,,,,HZK16708TEP_G,10432.579150763,shopify,6,continue,manual,650.99,,true,true,,,,,,https://cdn.shopify.com/s/files/1/0750/8767/5550/files/hentzen-mil-gallon-1024-600x600_553234da-e4d1-4fdd-b13c-043a553e9006.jpg?v=1767818473,1,hentzen-branded paint can on a blue background,false,"Hentzen 16708TEP, Tan Primer, MIL-PRF-23377K Type II (QPL)",Hentzen Tan Non-Chrome Epoxy Primer. Qualified to MIL-PRF-23377K Type II Class N and LMCO EMAP.,1470,,,,,,,,,,,Aviation,LMCO EMAP; LMCO FQML-P-23377-7,TRUE,90,16708TEP + 16709CEH,mil-prf-23377-type-ii-class-n,,mil-prf-23377-type-ii-class-n,,,,,,,,lb,,,active
hentzen-02110vvp-dod-p-15328d-type-primer,"Hentzen 02110VVP + 02111SSC, Green Wash Primer, DOD-P-15328D (QPL)",<p>Hentzen's Green Wash Primer Pretreatment (Formula 117). This defense primer is designed for metals and is qualified to the DOD-P-15328D specification.</p>,Hentzen,Business & Industrial > Manufacturing,Primer,hazmat,true,Title,Default Title,,,,,,,,HZK02110GVP  KIT-2GL,10432.579150763,shopify,4,continue,manual,352.85,,true,true,,,,,,https://cdn.shopify.com/s/files/1/0750/8767/5550/files/hentzen-mil-gallon-1024-600x600_553234da-e4d1-4fdd-b13c-043a553e9006.jpg?v=1767818473,1,hentzen-branded paint can on a blue background,false,"Hentzen 02110GVP, Green Wash Primer, DOD-P-15328 (QPL)",Hentzen Green Wash Primer (Formula 117) for metals. Qualified to DOD-P-15328D. 2-gallon kit.,1470,,,,,,,,,,,Aviation,,TRUE,30,02110VVP + 02111SSC,,8030-00-281-2726,,,,,,,,,lb,,,active
hentzen-53039wpx-mep-10-070-type-primer,"Hentzen 53039WPX + 53021CMU, White Primer Surfacer, MEP 10-070",<p>Hentzen's White High Performance Sprayable Surfacer. This urethane primer surface is designed for a 3:1 volume mix and meets all requirements of the MEP 10-070 specification.</p>,Hentzen,Business & Industrial > Manufacturing,Primer,"",true,Title,Default Title,,,,,,,,HZ53039WPX,10432.579150763,shopify,100,continue,manual,485.00,,true,true,,,,,,https://cdn.shopify.com/s/files/1/0750/8767/5550/files/hentzen-mil-gallon-1024-600x600_553234da-e4d1-4fdd-b13c-043a553e9006.jpg?v=1767818473,1,hentzen-branded paint can on a blue background,false,"Hentzen 53039WPX, White Primer, MEP 10-070",Hentzen White Primer Surfacer. High-performance sprayable surfacer meeting MEP 10-070 requirements.,1470,,,,,,,,,,,Aviation,MEP 10-070,FALSE,0,53039WPX + 53021CMU,,,,,,,,,,,lb,,,active
hentzen-35631apx-mil-prf-85285-type-i,"Hentzen 35631APX + 35502CMU, Gray Topcoat, MIL-PRF-85285 Type I/IV Class H (QPL)",<p>Hentzen's Gray Polyurethane Topcoat kit for aerospace applications. This product is qualified to FMS-1027 Type V and MIL-PRF-85285 Type I and IV Class H specifications.</p>,Hentzen,Business & Industrial > Manufacturing,Topcoat,mil-prf-85285,true,Title,Default Title,,,,,,,,HZ35631APX-35502CMU,10432.579150763,shopify,100,continue,manual,511.75,,true,true,,,,,,https://cdn.shopify.com/s/files/1/0750/8767/5550/files/hentzen-mil-gallon-1024-600x600_553234da-e4d1-4fdd-b13c-043a553e9006.jpg?v=1767818473,1,hentzen-branded paint can on a blue background,false,"Hentzen 35631APX, Gray Topcoat, MIL-PRF-85285 Type I/IV (QPL)",Hentzen Gray Topcoat kit. Qualified to MIL-PRF-85285 Type I & IV and FMS-1027 Type V.,1470,,,,,,,,,,,"Aviation
Industrial
Marine",FMS 1027 Type V,FALSE,0,35631APX + 35502CMU,mil-prf-85285-f-type-i-class-h; mil-prf-85285-f-type-iv-class-h,,mil-prf-85285-f-type-i-class-h; mil-prf-85285-f-type-iv-class-h,,,,,,,,lb,,,active
hentzen-35620apx-mil-prf-85285-type-i,"Hentzen 35620APX, Gray Flat Topcoat, MIL-PRF-85285 Type I/IV Class H",<p>Hentzen's Gray Flat High Solids Polyurethane Topcoat. This aircraft application coating is 2.8 VOC and should be applied over approved MIL-PRF-23377 or MIL-PRF-85582 primers.</p>,Hentzen,Business & Industrial > Manufacturing,Topcoat,mil-prf-85285,true,Title,Default Title,,,,,,,,HZ35620APX-TI,10432.579150763,shopify,100,continue,manual,393.50,,true,true,,,,,,https://cdn.shopify.com/s/files/1/0750/8767/5550/files/hentzen-mil-gallon-1024-600x600_553234da-e4d1-4fdd-b13c-043a553e9006.jpg?v=1767818473,1,hentzen-branded paint can on a blue background,false,"Hentzen 35620APX, Gray Flat, MIL-PRF-85285 Type I/IV",Hentzen Gray Flat Topcoat. High solids 2.8 VOC polyurethane for aircraft applications. Meets MIL-PRF-85285 Type I & IV.,1470,,,,,,,,,,,"Aviation
Industrial
Marine",,FALSE,0,35620APX,mil-prf-85285-f-type-i-class-h; mil-prf-85285-f-type-iv-class-h,,,36375,,,,,,,lb,,,active
hentzen-31491gpx-mil-prf-85285-type-1,"Hentzen 81144GPX, Green Gloss Topcoat, MIL-PRF-85285 Type I Class H (QPL)",<p>Hentzen's Green Gloss Polyurethane Topcoat for aviation and industrial use. This coating is qualified to the MIL-PRF-85285 Type I Class H specification for high-performance protection.</p>,Hentzen,Business & Industrial > Manufacturing,Topcoat,mil-prf-85285,false,Title,Default Title,,,,,,,,HZ31491GPX-T1 NONTIN,10432.579150763,shopify,100,continue,manual,100.00,,true,true,,,,,,https://cdn.shopify.com/s/files/1/0750/8767/5550/files/hentzen-mil-gallon-1024-600x600_553234da-e4d1-4fdd-b13c-043a553e9006.jpg?v=1767818473,1,hentzen-branded paint can on a blue background,false,"Hentzen 31491GPX, Green Gloss, MIL-PRF-85285 Type I (QPL)",Hentzen Green Gloss Topcoat. High-performance 3/1 mix polyurethane qualified to MIL-PRF-85285 Type 1 Class H.,1470,,,,,,,,,,,"Aviation
Industrial
Marine",,FALSE,0,81144GPX,mil-prf-85285-f-type-i-class-h,,mil-prf-85285-f-type-i-class-h,,,,,,,,lb,,,draft
hentzen-31360wpx-mil-prf-85285-type-1,"Hentzen 31360WPX, White Semi-Gloss Topcoat, MIL-PRF-85285 Type I Class H (QPL)",<p>Hentzen's Semi-Gloss White Polyurethane Topcoat base for aircraft applications. This single component base is qualified to the MIL-PRF-85285 Type I Class H specification.</p>,Hentzen,Business & Industrial > Manufacturing,Topcoat,mil-prf-85285,true,Title,Default Title,,,,,,,,HZ31360WPX-T1,10432.579150763,shopify,100,continue,manual,393.50,,true,true,,,,,,https://cdn.shopify.com/s/files/1/0750/8767/5550/files/hentzen-mil-gallon-1024-600x600_553234da-e4d1-4fdd-b13c-043a553e9006.jpg?v=1767818473,1,hentzen-branded paint can on a blue background,false,"Hentzen 31360WPX, White Topcoat, MIL-PRF-85285 Type I (QPL)",Hentzen White Semi-Gloss Topcoat base. High-performance aerospace coating qualified to MIL-PRF-85285 Type 1 Class H.,1470,,,,,,,,,,,"Aviation
Industrial
Marine",,FALSE,0,31360WPX,mil-prf-85285-f-type-i-class-h,,mil-prf-85285-f-type-i-class-h,,,,,,,,lb,,,active
hentzen-31347cpx-mil-prf-85285-type-i,"Hentzen 31347CPX, Clear Flat Topcoat, MIL-PRF-85285 Type I Class H",<p>Hentzen's Clear Flat Polyurethane Topcoat for aerospace and industrial applications. This high-performance coating is designed for a 3/1 mix ratio to provide a protective flat finish.</p>,Hentzen,Business & Industrial > Manufacturing,Topcoat,mil-prf-85285,false,Title,Default Title,,,,,,,,HZ31347CPX-T1,10432.579150763,shopify,100,continue,manual,100.00,,true,true,,,,,,https://cdn.shopify.com/s/files/1/0750/8767/5550/files/hentzen-mil-gallon-1024-600x600_553234da-e4d1-4fdd-b13c-043a553e9006.jpg?v=1767818473,1,hentzen-branded paint can on a blue background,false,"Hentzen 31347CPX, Clear Flat, MIL-PRF-85285 Type I",Hentzen Clear Flat Topcoat. Professional grade 3/1 mix polyurethane for aviation and industrial applications.,1470,,,,,,,,,,,"Aviation
Industrial
Marine",,FALSE,0,31347CPX,mil-prf-85285-f-type-i-class-h,,,,,,,,,,lb,,,draft
hentzen-31323cpx-mil-prf-85285-type-1,"Hentzen 31323CPX-T1 NOTINT, Clear Semi-Gloss Topcoat, MIL-PRF-85285 Type I Class H (QPL)","<p>Hentzen's Clear Semi-Gloss Polyurethane Topcoat. This aerospace coating is qualified to the MIL-PRF-85285 Type I Class H specification, providing a durable semi-gloss finish.</p>",Hentzen,Business & Industrial > Manufacturing,Topcoat,mil-prf-85285,true,Title,Default Title,,,,,,,,HZ31323CPX-T1,10432.579150763,shopify,100,continue,manual,393.50,,true,true,,,,,,https://cdn.shopify.com/s/files/1/0750/8767/5550/files/hentzen-mil-gallon-1024-600x600_553234da-e4d1-4fdd-b13c-043a553e9006.jpg?v=1767818473,1,hentzen-branded paint can on a blue background,false,"Hentzen 31323CPX, Clear Topcoat, MIL-PRF-85285 Type I (QPL)",Hentzen Clear Semi-Gloss Topcoat. Durable polyurethane qualified to MIL-PRF-85285 Type 1 Class H.,1470,,,,,,,,,,,"Aviation
Industrial
Marine",,FALSE,0,31323CPX-T1,mil-prf-85285-f-type-i-class-h,,mil-prf-85285-f-type-i-class-h,,,,,,,,lb,,,active
hentzen-31317bpx-mil-prf-85285-type-1,"Hentzen 31317BPX, Blue Flat Topcoat, MIL-PRF-85285 Type I Class H (QPL)",<p>Hentzen's Flat Blue Polyurethane Topcoat base for aircraft applications. This single component base is qualified to the MIL-PRF-85285 Type I Class H specification.</p>,Hentzen,Business & Industrial > Manufacturing,Topcoat,mil-prf-85285,true,Title,Default Title,,,,,,,,HZ31317BPX-TI,10432.579150763,shopify,100,continue,manual,481.85,,true,true,,,,,,https://cdn.shopify.com/s/files/1/0750/8767/5550/files/hentzen-mil-gallon-1024-600x600_553234da-e4d1-4fdd-b13c-043a553e9006.jpg?v=1767818473,1,hentzen-branded paint can on a blue background,false,"Hentzen 31317BPX, Blue Flat, MIL-PRF-85285 Type I (QPL)",Hentzen Blue Flat Topcoat base. High-performance aircraft coating qualified to MIL-PRF-85285 Type 1 Class H.,1470,,,,,,,,,,,"Aviation
Industrial
Marine",,FALSE,0,31317BPX,mil-prf-85285-f-type-i-class-h,,mil-prf-85285-f-type-i-class-h,,,,,,,,lb,,,active
hentzen-31135kpx-mil-prf-85285-type-1,"Hentzen 31135KPX, Black Semi-Gloss Topcoat, MIL-PRF-85285 Type I Class H (QPL)",<p>Hentzen's Black Semi-Gloss Polyurethane Topcoat. This high-performance aerospace coating is qualified to MIL-PRF-85285 Type I Class H and requires a 3/1 mix ratio.</p>,Hentzen,Business & Industrial > Manufacturing,Topcoat,mil-prf-85285,false,Title,Default Title,,,,,,,,HZ31135KPX-T1,10432.579150763,shopify,100,continue,manual,100.00,,true,true,,,,,,https://cdn.shopify.com/s/files/1/0750/8767/5550/files/hentzen-mil-gallon-1024-600x600_553234da-e4d1-4fdd-b13c-043a553e9006.jpg?v=1767818473,1,hentzen-branded paint can on a blue background,false,"Hentzen 31135KPX, Black Topcoat, MIL-PRF-85285 Type I (QPL)",Hentzen Black Semi-Gloss Topcoat. Professional aerospace coating qualified to MIL-PRF-85285 Type 1 Class H.,1470,,,,,,,,,,,Aviation,,FALSE,0,31135KPX,mil-prf-85285-f-type-i-class-h,,mil-prf-85285-f-type-i-class-h,,,,,,,,lb,,,draft
hentzen-31105kpx-mil-prf-85285-type-1,"Hentzen 31105KPX, Black Flat Topcoat, MIL-PRF-85285 Type I Class H (QPL)",<p>Hentzen's Flat Black Polyurethane Topcoat for high-performance applications. This coating is qualified to the MIL-PRF-85285 Type I Class H specification for aerospace use.</p>,Hentzen,Business & Industrial > Manufacturing,Topcoat,mil-prf-85285,false,Title,Default Title,,,,,,,,HZ31105KPX-T1,10432.579150763,shopify,100,continue,manual,100.00,,true,true,,,,,,https://cdn.shopify.com/s/files/1/0750/8767/5550/files/hentzen-mil-gallon-1024-600x600_553234da-e4d1-4fdd-b13c-043a553e9006.jpg?v=1767818473,1,hentzen-branded paint can on a blue background,false,"Hentzen 31105KPX, Black Flat, MIL-PRF-85285 Type I (QPL)",Hentzen Flat Black Topcoat. High solids polyurethane qualified to MIL-PRF-85285 Type 1 Class H.,1470,,,,,,,,,,,"Aviation
Industrial
Marine",,FALSE,0,31105KPX,mil-prf-85285-f-type-i-class-h,,mil-prf-85285-f-type-i-class-h,,,,,,,,lb,,,draft
hentzen-31104kpx-mil-prf-85285-type-i,"Hentzen 31104KPX, Black Gloss Topcoat, MIL-PRF-85285 Type I Class H","<p>Hentzen's Black Gloss Polyurethane Topcoat designed for a 3/1 mix ratio. This professional grade coating is suitable for aviation, marine, and industrial applications.</p>",Hentzen,Business & Industrial > Manufacturing,Topcoat,mil-prf-85285,false,Title,Default Title,,,,,,,,HZ31104KPX-T1,10432.579150763,shopify,100,continue,manual,100.00,,true,true,,,,,,https://cdn.shopify.com/s/files/1/0750/8767/5550/files/hentzen-mil-gallon-1024-600x600_553234da-e4d1-4fdd-b13c-043a553e9006.jpg?v=1767818473,1,hentzen-branded paint can on a blue background,false,"Hentzen 31104KPX, Black Topcoat, MIL-PRF-85285 Type I","Hentzen Black Gloss Topcoat. Versatile 3/1 mix polyurethane for aviation, marine, and industrial use.",1470,,,,,,,,,,,"Aviation
Industrial
Marine",,FALSE,0,31104KPX,mil-prf-85285-f-type-i-class-h,,,17038,,,,,,,lb,,,draft
hentzen-31103wpx-mil-prf-85285-type-1,"Hentzen 31103WPX, White Flat Topcoat, MIL-PRF-85285 Type I Class H (QPL)","<p>Hentzen's Flat White Polyurethane Topcoat base for aircraft applications. Formulated as a single component base for a 3/1 mix, it is qualified to MIL-PRF-85285 Type I Class H.</p>",Hentzen,Business & Industrial > Manufacturing,Topcoat,mil-prf-85285,false,Title,Default Title,,,,,,,,HZ31103WPX-T1,10432.579150763,shopify,100,continue,manual,100.00,,true,true,,,,,,https://cdn.shopify.com/s/files/1/0750/8767/5550/files/hentzen-mil-gallon-1024-600x600_553234da-e4d1-4fdd-b13c-043a553e9006.jpg?v=1767818473,1,hentzen-branded paint can on a blue background,false,"Hentzen 31103WPX, White Flat, MIL-PRF-85285 Type I (QPL)","Hentzen Flat White Topcoat base. Aircraft grade, qualified to MIL-PRF-85285 Type 1 Class H.",1470,,,,,,,,,,,"Aviation
Industrial
Marine",,FALSE,0,31103WPX,mil-prf-85285-f-type-i-class-h,,mil-prf-85285-f-type-i-class-h,,,,,,,,lb,,,draft
hentzen-31101wpx-mil-prf-85285-type-1,"Hentzen 31101WPX, White Gloss Topcoat, MIL-PRF-85285 Type I Class H (QPL)","<p>Hentzen's White Gloss Polyurethane Topcoat is a high-performance aerospace coating. This single-component base is qualified to the MIL-PRF-85285 Type I Class H specification.</p>
<p>This product is best suited for aviation and aerospace applications needing a durable, high-gloss, specification-qualified finish. In aviation, the topcoat is not just about appearance. It also must hold up against weather, chemicals, UV exposure, and demanding service conditions.</p>
<p>Common uses include aircraft exterior surfaces, where it is ideal for fixed-wing aircraft and helicopters that require a tough, glossy white finish on the outer surfaces, such as fuselage sections, fairings, access panels, and other exposed components.</p>
<p>The white gloss topcoat is also well-suited for aerospace programs that require compliance with recognized military performance standards for polyurethane topcoats, where a clean, bright appearance is important, for visibility, heat reflectivity, UV resistance, or when a premium appearance matters.</p>",Hentzen,Business & Industrial > Manufacturing,Topcoat,mil-prf-85285,false,Title,Default Title,,,,,,,,HZ31101WPX-T1,10432.579150763,shopify,100,continue,manual,100.00,,true,true,,,,,,https://cdn.shopify.com/s/files/1/0750/8767/5550/files/hentzen-mil-gallon-1024-600x600_553234da-e4d1-4fdd-b13c-043a553e9006.jpg?v=1767818473,1,hentzen-branded paint can on a blue background,false,"Hentzen 31101WPX, White Topcoat, MIL-PRF-85285 Type I (QPL)",Hentzen White Gloss Topcoat base. High-performance aircraft application. QPL MIL-PRF-85285 Type 1 Class H.,1470,,,,,,,,,,,Aviation,,FALSE,0,31101WPX,mil-prf-85285-f-type-i-class-h,,mil-prf-85285-f-type-i-class-h,,,,,,,,lb,,,draft
hentzen-17292ydf-mil-prf-22750g-type-ii,"Hentzen 17292YDF, Yellow Epoxy Primer, MIL-PRF-22750G Type II","<p>Hentzen's Yellow Epoxzen Epoxy Primer meets the requirements of MIL-PRF-22750G Type II Class H Grade A. This kit provides excellent adhesion and durability for marine and industrial use.</p>
<p>This primer is ideal for marine, military, and industrial metal applications where adhesion, toughness, and specification-driven performance are critical. It is not just about color or coverage. It is about building a coating system that holds up when the environment gets aggressive.</p>
<p>Common uses of Epoxzen Primer include marine equipment and vessels, including components, marine structures, and support equipment exposed to moisture, salt spray, and harsh operating conditions. The durable epoxy primer helps protect the substrate and gives the topcoat a strong foundation.</p>
<p>Other military support equipment, transport components, ground equipment, and defense-related assets require coatings aligned with military specifications that this product meets.</p>
<p>Though not required by specs, Epoxzen primer is a good choice for industrial applications that need reliable adhesion and long-term coating performance. In industrial settings, premature coating failure often leads to corrosion, rework, and downtime. A robust epoxy primer helps reduce that risk. This primer works well as the base layer on steel and aluminum, needing a durable finish system. Think of it as the anchor for the full coating system. If the primer underperforms, the whole system is compromised.</p>",Hentzen,Business & Industrial > Manufacturing,Primer,mil-prf-22750,true,Title,Default Title,,,,,,,,HZ17292YDF-LVOC KIT,10432.579150763,shopify,100,continue,manual,393.50,,true,true,,,,,,https://cdn.shopify.com/s/files/1/0750/8767/5550/files/hentzen-mil-gallon-1024-600x600_553234da-e4d1-4fdd-b13c-043a553e9006.jpg?v=1767818473,1,hentzen-branded paint can on a blue background,false,"Hentzen 17292YDF, Yellow Primer, MIL-PRF-22750G Type II",Hentzen Yellow Epoxzen kit. Meets MIL-PRF-22750G Type II Class H Grade A for aviation and marine use.,1470,,,,,,,,,,,"Aviation
Industrial
Marine",,FALSE,0,17292YDF-LVOC,mil-prf-22750-g-type-ii-class-h-grade-a,,mil-prf-22750-g-type-ii-class-h-grade-a,,,,,,,,lb,,,active
hentzen-17169kle-mil-prf-81352c-type-1,"Hentzen 17169KLE, Black Acrylic Lacquer, MIL-PRF-81352C Type I (QPL)","<p>Hentzen's Black Acrylic Lacquer is designed for military applications requiring high durability. This coating is qualified to the MIL-PRF-81352C Type I specification.</p>
<p>This single-component acrylic aircraft touch-up coating in FED-STD-595 black is suitable for military aircraft and support-equipment touch-up applications, especially where you need a compliant black finish with solid exterior durability. Repair scratches, chips, and other damages needing repainting. Other common uses include touch-ups on tow bars, service carts, access stands, and related support hardware used around flight lines. This paint is specially formulated for resistance to heat and diester lubricating oils in aircraft environments.</p>",Hentzen,Business & Industrial > Manufacturing,Topcoat,mil-prf-81352,true,Title,Default Title,,,,,,,,HZ17169KLE GL,10432.579150763,shopify,100,continue,manual,800.00,,true,true,,,,,,https://cdn.shopify.com/s/files/1/0750/8767/5550/files/hentzen-mil-gallon-1024-600x600_553234da-e4d1-4fdd-b13c-043a553e9006.jpg?v=1767818473,1,hentzen-branded paint can on a blue background,false,"Hentzen 17169KLE, Black Lacquer, MIL-PRF-81352C Type I (QPL)",Hentzen Black Acrylic Lacquer. Professional grade military coating qualified to MIL-PRF-81352C Type 1.,1470,,,,,,,,,,,Aviation,,FALSE,0,17169KLE,mil-prf-81352-c-type-i,,mil-prf-81352-c-type-i,37038,,,,,,,lb,,,active
hentzen-17084gep-mep-10-059-type-ii,"Hentzen 17084GEP, Aeroprime Epoxy Primer, MEP 10-059 Type II","<p>Hentzen's Aeroprime High Performance Primer is a two-component corrosion and skydrol resistant epoxy primer. It is qualified to MEP 10-059 Type II and exceeds BMS10-11 Type I requirements.</p>
<p>Aeroprime High Performance Prime is ideal for priming aluminum and other metal aircraft parts that need durable corrosion protection prior to top coating. Some examples include fuselage sections, access panels, fairings, supports, brackets, and structural assemblies.</p>
<p>Because it is Skydrol (and other phosphate-ester hydraulic fluids) resistant, Aeroprime is especially well suited for zones around wheel wells, landing gear bays, hydraulic service areas, actuators and surrounding structures, and maintenance access areas where fluid spills or splashes are common.</p>",Hentzen,Business & Industrial > Manufacturing,Primer,"",true,Title,Default Title,,,,,,,,HZK17084GEP KIT-2GL,10432.579150763,shopify,100,continue,manual,327.00,,true,true,,,,,,https://cdn.shopify.com/s/files/1/0750/8767/5550/files/hentzen-mil-gallon-1024-600x600_553234da-e4d1-4fdd-b13c-043a553e9006.jpg?v=1767818473,1,hentzen-branded paint can on a blue background,false,"Hentzen 17084GEP, Aeroprime Epoxy Primer, MEP 10-059 Type II","Hentzen Aeroprime Epoxy Primer. Skydrol resistant, qualified to MEP 10-059 Type II and exceeds BMS10-11 Type I.",1470,,,,,,,,,,,Aviation,MEP 10-059 Type II; BMS10-11 Type I Class A Grade B,FALSE,15,17084GEP-LVOC,,,,,,,,,,,lb,,,active
hentzen-08633tua-mil-dtl-53039-type-iv,"Hentzen 08633TUA-B33-01, Israeli Tan CARC Coating, MIL-DTL-53039 Type IV/IX (QPL)","<p>Hentzen's Israeli Tan Chemical Agent Resistant Coating (CARC). This high-performance coating is VOHAP free and maintains a maximum 3.5 VOC for specialized military color requirements.</p>
<p>Israel Tan meets the military specs for tactical ground vehicles and support equipment, such as armored vehicles, transport vehicles, trailers, shelters, generator housings, and field-support equipment, which must match a tan/desert theater color scheme to provide camouflage protection. Other uses include military platforms that need a low-visibility sand/tan finish for visual blending in dry, dusty terrain. In addition, specialized enclosures, racks, housings, and metal assemblies used in military settings often carry the same requirements.</p>
<p>Importantly, the CARC coating facilitates easier decontamination after exposure to chemical agents.</p>",Hentzen,Business & Industrial > Manufacturing,CARC,"hazmat, mil-dtl-53039",true,Title,Default Title,,,,,,,,HZ08633TUA-B33-G1,10432.579150763,shopify,100,continue,manual,362.85,,true,true,,,,,,https://cdn.shopify.com/s/files/1/0750/8767/5550/files/hentzen-mil-gallon-1024-600x600_553234da-e4d1-4fdd-b13c-043a553e9006.jpg?v=1767818473,1,hentzen-branded paint can on a blue background,false,"Hentzen 08633TUA, Tan CARC, MIL-DTL-53039 Type IV/IX (QPL)","Hentzen Israeli Tan CARC coating. Maximum 3.5 VOC, VOHAP free polymeric bead flattened. QPL MIL-DTL-53039 Type IV/IX.",1470,,,,,,,,,,,Aviation,,TRUE,45,08633TUA-B33-01,mil-dtl-53039-type-iv; mil-dtl-53039-type-ix,,mil-dtl-53039-type-iv; mil-dtl-53039-type-ix,,,,,,,,lb,,,active
hentzen-08628kuz-mil-dtl-53039-type-iv,"Hentzen 08628KUZ-B33-G1, Black CARC Coating, MIL-DTL-53039 Type IV/IX (QPL)","<p>Hentzen's Black Chemical Agent Resistant Coating (CARC). Featuring a maximum 3.5 VOC and VOHAP free formulation, this polymeric bead flattened coating meets stringent military standards.</p>
<p>This product is ideal for black-finished military vehicles; trucks, trailers, support vehicles, shelters, equipment such as weapon-system exterior components, ground support and field gear, and approved aircraft-related components that require a military spec-compliant CARC topcoat with low sheen, chemical resistance, and reduced regulated solvent content. Per the military spec, apply this product as a finish coat on properly primed military substrates.</p>",Hentzen,Business & Industrial > Manufacturing,CARC,"hazmat, mil-dtl-53039",true,Title,Default Title,,,,,,,,HZ08628KUZ-B33-G1,10432.579150763,shopify,100,continue,manual,391.50,,true,true,,,,,,https://cdn.shopify.com/s/files/1/0750/8767/5550/files/hentzen-mil-gallon-1024-600x600_553234da-e4d1-4fdd-b13c-043a553e9006.jpg?v=1767818473,1,hentzen-branded paint can on a blue background,false,"Hentzen 08628KUZ, Black CARC, MIL-DTL-53039 Type IV/IX (QPL)","Hentzen Black CARC coating. Maximum 3.5 VOC, VOHAP free. QPL MIL-DTL-53039 Type IV/IX.",1470,,,,,,,,,,,Aviation,,TRUE,3,08628KUZ-B33-G1,mil-dtl-53039-type-iv; mil-dtl-53039-type-ix,8010-01-576-2880,mil-dtl-53039-type-iv; mil-dtl-53039-type-ix,37038,,,,,,,lb,,,active
hentzen-08625guz-mil-dtl-53039-type-iv,"Hentzen 08625GUZ-B33-G1, Aircraft Green CARC Coating, MIL-DTL-53039 Type IV/IX (QPL)","<p>Hentzen's Green Chemical Agent Resistant Coating (CARC). This polymeric bead flattened coating is VOHAP free with a maximum 3.5 VOC, designed for rugged military applications.</p>
<p>For military tactical exterior requiring CARC performance, camouflage, and durability in harsh service conditions, this product offers the best finish coat.</p>
<p>Hentzen defense coatings are positioned for defense ground equipment broadly, not just combat vehicles. Uses include tactical military vehicles such as trucks, armored platforms, trailers, and support vehicles, as well as ground support and engineer equipment like loaders, backhoes, bridging equipment, and similar rugged field assets. It is also well-suited for weapons systems, shelters, containers, and related field hardware where military-spec durability and CARC decontamination compatibility matter.</p>",Hentzen,Business & Industrial > Manufacturing,CARC,"hazmat, mil-dtl-53039",true,Title,Default Title,,,,,,,,HZ08625GUZ-B33-G1,10432.579150763,shopify,100,continue,manual,381.95,,true,true,,,,,,https://cdn.shopify.com/s/files/1/0750/8767/5550/files/hentzen-mil-gallon-1024-600x600_553234da-e4d1-4fdd-b13c-043a553e9006.jpg?v=1767818473,1,hentzen-branded paint can on a blue background,false,"Hentzen 08625GUZ, Green CARC, MIL-DTL-53039 Type IV/IX (QPL)","Hentzen Green CARC coating. Maximum 3.5 VOC, VOHAP free polymeric bead flattened. QPL MIL-DTL-53039 Type IV/IX.",1470,,,,,,,,,,,Aviation,,TRUE,40,08625GUZ-B33-G1,mil-dtl-53039-type-iv; mil-dtl-53039-type-ix,8010-01-590-7944,mil-dtl-53039-type-iv; mil-dtl-53039-type-ix,34031,,,,,,,lb,,,active
hentzen-08610kuz-mil-dtl-53039-type-ix,"Hentzen 08610KUZ-UVLOC-G1, Black CARC Coating, MIL-DTL-53039 Type IV/IX (QPL)","<p>Hentzen's Black Chemical Agent Resistant Coating (CARC). This silica-free polymeric bead flattened coating is 1.0 VOC and VOHAPS free, providing high-performance aliphatic protection.</p>
<p>This finish topcoat is often used on military tactical equipment such as wheeled and tracked platforms, aviation-related assets, and ground support equipment. These types of equipment require a black, non-gloss protective coat with chemical-agent resistance, a low-sheen, and durable exterior protection.</p>
<p>When compliance with CARC requirements below matters, this product is what you need.
</p><ul>
<li>Chemical-agent-resistant surfaces</li>
<li>Low-VOC / VOHAPS-free compliance</li>
<li>Aliphatic polyurethane weatherability</li>
<li>Flattened, tactical low-sheen appearance</li>
<li>Defense-spec finish performance rather than decorative appearance</li>
</ul>
",Hentzen,Business & Industrial > Manufacturing,CARC,"hazmat, mil-dtl-53039",true,Title,Default Title,,,,,,,,HZ08610KUZ-UVLOC-G1,10432.579150763,shopify,100,continue,manual,345.95,,true,true,,,,,,https://cdn.shopify.com/s/files/1/0750/8767/5550/files/hentzen-mil-gallon-1024-600x600_553234da-e4d1-4fdd-b13c-043a553e9006.jpg?v=1767818473,1,hentzen-branded paint can on a blue background,false,"Hentzen 08610KUZ, Black CARC, MIL-DTL-53039 Type IX (QPL)","Hentzen Black CARC coating. 1.0 VOC, VOHAPS free, silica-free aliphatic coating. QPL MIL-DTL-53039 Type IX.",1470,,,,,,,,,,,Aviation,,TRUE,45,08610KUZ-UVLOC-G1,mil-dtl-53039-type-ix,8010-01-582-7301,mil-dtl-53039-type-ix,37030,,,,,,,lb,,,active
hentzen-08609tuz-mil-dtl-53039-type-iv,"Hentzen 08609TUZ-UVLOC-G1, Tan CARC Coating, MIL-DTL-53039 Type IV/IX (QPL)","<p>Hentzen's Tan 686A Chemical Agent Resistant Coating (CARC). This single component aliphatic polyurethane is 1.0 VOC, VOHAPS free, and polymeric bead flattened for a durable finish.</p>
<p>This military-grade polyurethane topcoat provides the durability needed for defense, aerospace, and harsh-environment industrial applications. The tan color and low gloss, non-reflective finish provide exceptional desert camouflage and reduce solar heat absorption. This coating is regulation-compliant for use on U.S. Army and USMC tactical vehicles such as trucks, tanks, and armored vehicles.</p>",Hentzen,Business & Industrial > Manufacturing,CARC,"hazmat, mil-dtl-53039",true,Title,Default Title,,,,,,,,HZ08609TUZ-ULVOC-G1,10432.579150763,shopify,0,continue,manual,355.00,,true,true,,,,,,https://cdn.shopify.com/s/files/1/0750/8767/5550/files/hentzen-mil-gallon-1024-600x600_553234da-e4d1-4fdd-b13c-043a553e9006.jpg?v=1767818473,1,hentzen-branded paint can on a blue background,false,"Hentzen 08609TUZ, Tan CARC, MIL-DTL-53039 Type IV (QPL)","Hentzen Tan 686A CARC coating. 1.0 VOC, VOHAPS free aliphatic polyurethane. QPL MIL-DTL-53039 Type IV.",1470,,,,,,,,,,,Aviation,,TRUE,30,08609TUZ-UVLOC-G1,mil-dtl-53039-type-iv,8010-01-582-7280,mil-dtl-53039-type-iv,,,,,,,,lb,,,active
test-shipping,TEST SHIPPING,"","JDL Industries, Inc",Uncategorized,"","",true,Title,Default Title,,,,,,,,TEST-SHIPPING,0.0,shopify,0,continue,manual,0.00,,true,true,,,,,"",,,,false,,,,,,,,,,,,,,,,,,,,,,,,,,,,,lb,,,active
